{
    "conv_subsample_lengths": [1, 2, 1, 2, 1, 2, 1, 2, 1, 2, 1, 2, 1, 2, 1, 2],
    "conv_filter_length": 16,
    "conv_num_filters_start": 32,
    "conv_init": "he_normal",
    "conv_activation": "relu",
    "conv_dropout": 0.2,
    "conv_num_skip": 2,
    "conv_increase_channels_at": 4,

    "learning_rate": 0.001,
    "batch_size": 8,
    "num_categories": 973,
    "mean": [-13.033812, 2.067036, 14.295936, -5.299898, -22.08516, -1.3191458,  31.786758, 30.3337,  8.676867, -77.70321, 5.0341344, -0.4507375],
    "std": [ 518.47766, 617.2831, 569.0868, 505.8616, 452.8979, 521.53375,  475.32498, 627.513, 533.4248, 1304.5101, 639.929, 565.2153 ],

    "train": "/home/x/Documents/pycharm/PhysioNetChallenge2020/examples/PNC2020/train.json",
    "dev": "/home/x/Documents/pycharm/PhysioNetChallenge2020/examples/PNC2020/dev.json",

    "generator": true,

    "save_dir": "saved"
}
